source_file	target_file	status	reason
Э/Эротика/Dimm13/0Так получилось.zip	/mnt/c/Backup_Nova3/Books_01/Э/Эротика/Dimm13/0Так получилось.zip	copied	
Э/Эротика/Raven04/0Квартирная шлюха.zip	/mnt/c/Backup_Nova3/Books_01/Э/Эротика/Raven04/0Квартирная шлюха.zip	copied	
Э/Эротика/Server/Между адом и небесами/01 - Между адом и небесами. Том 1.zip	/mnt/c/Backup_Nova3/Books_01/Э/Эротика/Server/Между адом и небесами/01 - Между адом и небесами. Том 1.zip	copied	
Э/Эротика/Server/Между адом и небесами/02 - Между адом и небесами. Том 2.zip	/mnt/c/Backup_Nova3/Books_01/Э/Эротика/Server/Между адом и небесами/02 - Между адом и небесами. Том 2.zip	copied	
Э/Эротика/Server/Между адом и небесами/03 - Между адом и небесами. Том 3.zip	/mnt/c/Backup_Nova3/Books_01/Э/Эротика/Server/Между адом и небесами/03 - Между адом и небесами. Том 3.zip	copied	
Э/Эротика/Server/Между адом и небесами/0Между адом и небесами.zip	/mnt/c/Backup_Nova3/Books_01/Э/Эротика/Server/Между адом и небесами/0Между адом и небесами.zip	copied	
Э/Эротика/SilverVolf/0Много рассказов написано, но этот — без названия.zip	/mnt/c/Backup_Nova3/Books_01/Э/Эротика/SilverVolf/0Много рассказов написано, но этот — без названия.zip	copied	
Э/Эротика/Skjelle/От звезды до звезды/01 - От звезды до звезды.zip	/mnt/c/Backup_Nova3/Books_01/Э/Эротика/Skjelle/От звезды до звезды/01 - От звезды до звезды.zip	copied	
Э/Эротика/Skjelle/От звезды до звезды/02 - От звезды до звезды. Колония.zip	/mnt/c/Backup_Nova3/Books_01/Э/Эротика/Skjelle/От звезды до звезды/02 - От звезды до звезды. Колония.zip	copied	
Э/Эротика/Skjelle/От звезды до звезды/03 - От звезды до звезды. Беглецы.zip	/mnt/c/Backup_Nova3/Books_01/Э/Эротика/Skjelle/От звезды до звезды/03 - От звезды до звезды. Беглецы.zip	copied	
Э/Эротика/Александер Робин/0Глория.zip	/mnt/c/Backup_Nova3/Books_01/Э/Эротика/Александер Робин/0Глория.zip	copied	
Э/Эротика/Александер Робин/0Квитанция № 1207.zip	/mnt/c/Backup_Nova3/Books_01/Э/Эротика/Александер Робин/0Квитанция № 1207.zip	copied	
Э/Эротика/Александер Робин/0Прыжок.zip	/mnt/c/Backup_Nova3/Books_01/Э/Эротика/Александер Робин/0Прыжок.zip	copied	
Э/Эротика/Дарк Эмилия/0Полное погружение в анал.zip	/mnt/c/Backup_Nova3/Books_01/Э/Эротика/Дарк Эмилия/0Полное погружение в анал.zip	copied	
Э/Эротика/Дашкова Ольга/100 килограмм/01 - 100 килограмм Страсти.zip	/mnt/c/Backup_Nova3/Books_01/Э/Эротика/Дашкова Ольга/100 килограмм/01 - 100 килограмм Страсти.zip	copied	
Э/Эротика/Дашкова Ольга/100 килограмм/02 - 100 килограмм Роскоши.zip	/mnt/c/Backup_Nova3/Books_01/Э/Эротика/Дашкова Ольга/100 килограмм/02 - 100 килограмм Роскоши.zip	copied	
Э/Эротика/Дашкова Ольга/100 килограмм/03 - 100 килограмм Соблазна.zip	/mnt/c/Backup_Nova3/Books_01/Э/Эротика/Дашкова Ольга/100 килограмм/03 - 100 килограмм Соблазна.zip	copied	
Э/Эротика/Дашкова Ольга/Двойное/01 - Ночная смена. Двойной тариф.zip	/mnt/c/Backup_Nova3/Books_01/Э/Эротика/Дашкова Ольга/Двойное/01 - Ночная смена. Двойной тариф.zip	copied	
Э/Эротика/Дашкова Ольга/Двойное/02 - Одна любовь. Двойная месть.zip	/mnt/c/Backup_Nova3/Books_01/Э/Эротика/Дашкова Ольга/Двойное/02 - Одна любовь. Двойная месть.zip	copied	
Э/Эротика/Дашкова Ольга/Двойное/03 - Чужая жена. Двойная сделка.zip	/mnt/c/Backup_Nova3/Books_01/Э/Эротика/Дашкова Ольга/Двойное/03 - Чужая жена. Двойная сделка.zip	copied	
Э/Эротика/Дашкова Ольга/Двойное/04 - Двойная взлётная.zip	/mnt/c/Backup_Nova3/Books_01/Э/Эротика/Дашкова Ольга/Двойное/04 - Двойная взлётная.zip	copied	
Э/Эротика/Дашкова Ольга/Двойное/05 - Двойная взлётная 2.zip	/mnt/c/Backup_Nova3/Books_01/Э/Эротика/Дашкова Ольга/Двойное/05 - Двойная взлётная 2.zip	copied	
Э/Эротика/Дашкова Ольга/Двойное/06 - Аукцион невинности. Двойная ставка.zip	/mnt/c/Backup_Nova3/Books_01/Э/Эротика/Дашкова Ольга/Двойное/06 - Аукцион невинности. Двойная ставка.zip	copied	
Э/Эротика/Дашкова Ольга/Двойное/07 - Две полоски. Двойная ошибка.zip	/mnt/c/Backup_Nova3/Books_01/Э/Эротика/Дашкова Ольга/Двойное/07 - Две полоски. Двойная ошибка.zip	copied	
Э/Эротика/Дашкова Ольга/Двойное/0Бонус `Одна любовь. Двойная месть`.zip	/mnt/c/Backup_Nova3/Books_01/Э/Эротика/Дашкова Ольга/Двойное/0Бонус `Одна любовь. Двойная месть`.zip	copied	
Э/Эротика/Дашкова Ольга/Дымовы/01 - Его сладкая девочка.zip	/mnt/c/Backup_Nova3/Books_01/Э/Эротика/Дашкова Ольга/Дымовы/01 - Его сладкая девочка.zip	copied	
Э/Эротика/Дашкова Ольга/Дымовы/02 - Его запретная малышка.zip	/mnt/c/Backup_Nova3/Books_01/Э/Эротика/Дашкова Ольга/Дымовы/02 - Его запретная малышка.zip	copied	
Э/Эротика/Дашкова Ольга/Дымовы/03 - Охота на олигарха.zip	/mnt/c/Backup_Nova3/Books_01/Э/Эротика/Дашкова Ольга/Дымовы/03 - Охота на олигарха.zip	copied	
Э/Эротика/Дашкова Ольга/На грани (Дашкова)/01 - Защитник для Веры.zip	/mnt/c/Backup_Nova3/Books_01/Э/Эротика/Дашкова Ольга/На грани (Дашкова)/01 - Защитник для Веры.zip	copied	
Э/Эротика/Дашкова Ольга/На грани (Дашкова)/01 - Обрыв.zip	/mnt/c/Backup_Nova3/Books_01/Э/Эротика/Дашкова Ольга/На грани (Дашкова)/01 - Обрыв.zip	copied	
Э/Эротика/Дашкова Ольга/На грани (Дашкова)/02 - Рецидив.zip	/mnt/c/Backup_Nova3/Books_01/Э/Эротика/Дашкова Ольга/На грани (Дашкова)/02 - Рецидив.zip	copied	
Э/Эротика/Дашкова Ольга/Пышки/01 - Дровосек для Булочки.zip	/mnt/c/Backup_Nova3/Books_01/Э/Эротика/Дашкова Ольга/Пышки/01 - Дровосек для Булочки.zip	copied	
Э/Эротика/Дашкова Ольга/Пышки/013 - Горячий маршрут, или 23 остановки до счастья.zip	/mnt/c/Backup_Nova3/Books_01/Э/Эротика/Дашкова Ольга/Пышки/013 - Горячий маршрут, или 23 остановки до счастья.zip	copied	
Э/Эротика/Дашкова Ольга/Пышки/05 - Мистер Багет и Булка с корицей.zip	/mnt/c/Backup_Nova3/Books_01/Э/Эротика/Дашкова Ольга/Пышки/05 - Мистер Багет и Булка с корицей.zip	copied	
Э/Эротика/Дашкова Ольга/Сказки для взрослых/02 - Дюймовочка и Великан.zip	/mnt/c/Backup_Nova3/Books_01/Э/Эротика/Дашкова Ольга/Сказки для взрослых/02 - Дюймовочка и Великан.zip	copied	
Э/Эротика/Дашкова Ольга/Сказки для взрослых/0SOS Спасите от соседа.zip	/mnt/c/Backup_Nova3/Books_01/Э/Эротика/Дашкова Ольга/Сказки для взрослых/0SOS Спасите от соседа.zip	copied	
Э/Эротика/Дашкова Ольга/Сказки для взрослых/0Королева на всю голову.zip	/mnt/c/Backup_Nova3/Books_01/Э/Эротика/Дашкова Ольга/Сказки для взрослых/0Королева на всю голову.zip	copied	
Э/Эротика/Десадов Марк/0Амос, сын негра.zip	/mnt/c/Backup_Nova3/Books_01/Э/Эротика/Десадов Марк/0Амос, сын негра.zip	copied	
Э/Эротика/Десадов Марк/0Ирен (СИ).zip	/mnt/c/Backup_Nova3/Books_01/Э/Эротика/Десадов Марк/0Ирен (СИ).zip	copied	
Э/Эротика/Десадов Марк/0Негр и белые школьницы (СИ).zip	/mnt/c/Backup_Nova3/Books_01/Э/Эротика/Десадов Марк/0Негр и белые школьницы (СИ).zip	copied	
Э/Эротика/Десадов Марк/0Плёночка-Алёночка.zip	/mnt/c/Backup_Nova3/Books_01/Э/Эротика/Десадов Марк/0Плёночка-Алёночка.zip	copied	
Э/Эротика/Десадов Марк/0Ужасная ночь (СИ).zip	/mnt/c/Backup_Nova3/Books_01/Э/Эротика/Десадов Марк/0Ужасная ночь (СИ).zip	copied	
Э/Эротика/Жиглата Кристина/Братья - Змеевы/01 - Три ночи с заключённым.zip	/mnt/c/Backup_Nova3/Books_01/Э/Эротика/Жиглата Кристина/Братья - Змеевы/01 - Три ночи с заключённым.zip	copied	
Э/Эротика/Жиглата Кристина/Братья - Змеевы/02 - После трёх ночей с заключённым.zip	/mnt/c/Backup_Nova3/Books_01/Э/Эротика/Жиглата Кристина/Братья - Змеевы/02 - После трёх ночей с заключённым.zip	copied	
Э/Эротика/Жиглата Кристина/Братья - Змеевы/04 - Опасный преследователь.zip	/mnt/c/Backup_Nova3/Books_01/Э/Эротика/Жиглата Кристина/Братья - Змеевы/04 - Опасный преследователь.zip	copied	
Э/Эротика/Жиглата Кристина/Сестры Ерофеевы/01 - В плену бандита.zip	/mnt/c/Backup_Nova3/Books_01/Э/Эротика/Жиглата Кристина/Сестры Ерофеевы/01 - В плену бандита.zip	copied	
Э/Эротика/Жиглата Кристина/Сестры Ерофеевы/02 - За(на) ложница криминального авторитета.zip	/mnt/c/Backup_Nova3/Books_01/Э/Эротика/Жиглата Кристина/Сестры Ерофеевы/02 - За(на) ложница криминального авторитета.zip	copied	
Э/Эротика/Жиглата Кристина/Сестры Ерофеевы/03 - Девочка криминального авторитета.zip	/mnt/c/Backup_Nova3/Books_01/Э/Эротика/Жиглата Кристина/Сестры Ерофеевы/03 - Девочка криминального авторитета.zip	copied	
Э/Эротика/Жиглата Кристина/Тень за моей спиной/01 - Тень за моей спиной.zip	/mnt/c/Backup_Nova3/Books_01/Э/Эротика/Жиглата Кристина/Тень за моей спиной/01 - Тень за моей спиной.zip	copied	
Э/Эротика/Жиглата Кристина/Тень за моей спиной/02 - За моей спиной Он.zip	/mnt/c/Backup_Nova3/Books_01/Э/Эротика/Жиглата Кристина/Тень за моей спиной/02 - За моей спиной Он.zip	copied	
Э/Эротика/Жнец Анна/Верхний мир [Жнец]/01 - Рай тебя не спасёт.zip	/mnt/c/Backup_Nova3/Books_01/Э/Эротика/Жнец Анна/Верхний мир [Жнец]/01 - Рай тебя не спасёт.zip	copied	
Э/Эротика/Жнец Анна/Верхний мир [Жнец]/02 - Лес за стеной.zip	/mnt/c/Backup_Nova3/Books_01/Э/Эротика/Жнец Анна/Верхний мир [Жнец]/02 - Лес за стеной.zip	copied	
Э/Эротика/Жнец Анна/Верхний мир [Жнец]/03 - Елена - чудовище для демона и дракона.zip	/mnt/c/Backup_Nova3/Books_01/Э/Эротика/Жнец Анна/Верхний мир [Жнец]/03 - Елена - чудовище для демона и дракона.zip	copied	
Э/Эротика/Жнец Анна/Верхний мир [Жнец]/04 - Влюблён до смерти.zip	/mnt/c/Backup_Nova3/Books_01/Э/Эротика/Жнец Анна/Верхний мир [Жнец]/04 - Влюблён до смерти.zip	copied	
Э/Эротика/Жнец Анна/Весь твой/01 - Весь твой, только твой эльф.zip	/mnt/c/Backup_Nova3/Books_01/Э/Эротика/Жнец Анна/Весь твой/01 - Весь твой, только твой эльф.zip	copied	
Э/Эротика/Жнец Анна/Весь твой/02 - Владыка пещерных фейри.zip	/mnt/c/Backup_Nova3/Books_01/Э/Эротика/Жнец Анна/Весь твой/02 - Владыка пещерных фейри.zip	copied	
Э/Эротика/Жнец Анна/Запретные сказки/01 - Сама невинность для порочного дракона.zip	/mnt/c/Backup_Nova3/Books_01/Э/Эротика/Жнец Анна/Запретные сказки/01 - Сама невинность для порочного дракона.zip	copied	
Э/Эротика/Жнец Анна/Запретные сказки/02 - Мужчина для удовольствий.zip	/mnt/c/Backup_Nova3/Books_01/Э/Эротика/Жнец Анна/Запретные сказки/02 - Мужчина для удовольствий.zip	copied	
Э/Эротика/Жнец Анна/Запретные сказки/03 - Ревнивый раб долины песков.zip	/mnt/c/Backup_Nova3/Books_01/Э/Эротика/Жнец Анна/Запретные сказки/03 - Ревнивый раб долины песков.zip	copied	
Э/Эротика/Жнец Анна/Запретные сказки/04 - В постели с диким эльфом  В темнице с диким эльфом.zip	/mnt/c/Backup_Nova3/Books_01/Э/Эротика/Жнец Анна/Запретные сказки/04 - В постели с диким эльфом  В темнице с диким эльфом.zip	copied	
Э/Эротика/Жнец Анна/Запретные сказки/05 - Чувственное исцеление.zip	/mnt/c/Backup_Nova3/Books_01/Э/Эротика/Жнец Анна/Запретные сказки/05 - Чувственное исцеление.zip	copied	
Э/Эротика/Жнец Анна/Запретные сказки/06 - Бракованный.zip	/mnt/c/Backup_Nova3/Books_01/Э/Эротика/Жнец Анна/Запретные сказки/06 - Бракованный.zip	copied	
Э/Эротика/Жнец Анна/На Цепи/01 - На цепи.zip	/mnt/c/Backup_Nova3/Books_01/Э/Эротика/Жнец Анна/На Цепи/01 - На цепи.zip	copied	
Э/Эротика/Жнец Анна/На Цепи/02 - Раб Наилон. Вкус свободы.zip	/mnt/c/Backup_Nova3/Books_01/Э/Эротика/Жнец Анна/На Цепи/02 - Раб Наилон. Вкус свободы.zip	copied	
Э/Эротика/Жнец Анна/Спасти эльфа/01 - Спасти эльфа.zip	/mnt/c/Backup_Nova3/Books_01/Э/Эротика/Жнец Анна/Спасти эльфа/01 - Спасти эльфа.zip	copied	
Э/Эротика/Жнец Анна/Спасти эльфа/02 - В плену. И после. История одного эльфа.zip	/mnt/c/Backup_Nova3/Books_01/Э/Эротика/Жнец Анна/Спасти эльфа/02 - В плену. И после. История одного эльфа.zip	copied	
Э/Эротика/Жнец Анна/Спасти эльфа/03 - Дракон из сумрака [издательская «Спасти эльфа»].zip	/mnt/c/Backup_Nova3/Books_01/Э/Эротика/Жнец Анна/Спасти эльфа/03 - Дракон из сумрака [издательская «Спасти эльфа»].zip	copied	
Э/Эротика/Кириллов Сергей/Призван, чтобы/01 - Призван, чтобы умереть.zip	/mnt/c/Backup_Nova3/Books_01/Э/Эротика/Кириллов Сергей/Призван, чтобы/01 - Призван, чтобы умереть.zip	copied	
Э/Эротика/Кириллов Сергей/Призван, чтобы/02 - Призван, чтобы защитить.zip	/mnt/c/Backup_Nova3/Books_01/Э/Эротика/Кириллов Сергей/Призван, чтобы/02 - Призван, чтобы защитить.zip	copied	
Э/Эротика/Кириллов Сергей/Призван, чтобы/03 - Призван, чтобы завоевать Часть 1.zip	/mnt/c/Backup_Nova3/Books_01/Э/Эротика/Кириллов Сергей/Призван, чтобы/03 - Призван, чтобы завоевать Часть 1.zip	copied	
Э/Эротика/Кириллов Сергей/Призван, чтобы/03 - Призван, чтобы завоевать Часть 2.zip	/mnt/c/Backup_Nova3/Books_01/Э/Эротика/Кириллов Сергей/Призван, чтобы/03 - Призван, чтобы завоевать Часть 2.zip	copied	
Э/Эротика/Лейк Оливия/От ненависти до любви в большом городе/01 - Поцелуй меня, если осмелишься!.zip	/mnt/c/Backup_Nova3/Books_01/Э/Эротика/Лейк Оливия/От ненависти до любви в большом городе/01 - Поцелуй меня, если осмелишься!.zip	copied	
Э/Эротика/Лейк Оливия/От ненависти до любви в большом городе/02 - Свадебный переполох, или Уроки взаимного приручения.zip	/mnt/c/Backup_Nova3/Books_01/Э/Эротика/Лейк Оливия/От ненависти до любви в большом городе/02 - Свадебный переполох, или Уроки взаимного приручения.zip	copied	
Э/Эротика/Лейк Оливия/От ненависти до любви в большом городе/03 - Его игрушка.zip	/mnt/c/Backup_Nova3/Books_01/Э/Эротика/Лейк Оливия/От ненависти до любви в большом городе/03 - Его игрушка.zip	copied	
Э/Эротика/Лейк Оливия/От ненависти до любви в большом городе/04 - Нам нельзя.zip	/mnt/c/Backup_Nova3/Books_01/Э/Эротика/Лейк Оливия/От ненависти до любви в большом городе/04 - Нам нельзя.zip	copied	
Э/Эротика/Лейк Оливия/От ненависти до любви в большом городе/05 - Нам можно.zip	/mnt/c/Backup_Nova3/Books_01/Э/Эротика/Лейк Оливия/От ненависти до любви в большом городе/05 - Нам можно.zip	copied	
Э/Эротика/Ли Эдвард/0Земля безумств.zip	/mnt/c/Backup_Nova3/Books_01/Э/Эротика/Ли Эдвард/0Земля безумств.zip	copied	
Э/Эротика/Ли Эдвард/0Привратники.zip	/mnt/c/Backup_Nova3/Books_01/Э/Эротика/Ли Эдвард/0Привратники.zip	copied	
Э/Эротика/Ли Эдвард/0Сплаттерпанк истории Мики Хэйса.zip	/mnt/c/Backup_Nova3/Books_01/Э/Эротика/Ли Эдвард/0Сплаттерпанк истории Мики Хэйса.zip	copied	
Э/Эротика/Ли Эдвард/0Суккубы.zip	/mnt/c/Backup_Nova3/Books_01/Э/Эротика/Ли Эдвард/0Суккубы.zip	copied	
Э/Эротика/Морган Софи/Эротика. Реальные истории/0Интимный дневник «подчиненной». Реальные «50 оттенков».zip	/mnt/c/Backup_Nova3/Books_01/Э/Эротика/Морган Софи/Эротика. Реальные истории/0Интимный дневник «подчиненной». Реальные «50 оттенков».zip	copied	
Э/Эротика/Морган Софи/Эротика. Реальные истории/0НЕобычная любовь. Дневник «подчиненной».zip	/mnt/c/Backup_Nova3/Books_01/Э/Эротика/Морган Софи/Эротика. Реальные истории/0НЕобычная любовь. Дневник «подчиненной».zip	copied	
Э/Эротика/Нансен Бетти/0Дневник.zip	/mnt/c/Backup_Nova3/Books_01/Э/Эротика/Нансен Бетти/0Дневник.zip	copied	
Э/Эротика/Некрасов Игорь/Воплощение Похоти/01 - Воплощение Похоти 1. 18+.zip	/mnt/c/Backup_Nova3/Books_01/Э/Эротика/Некрасов Игорь/Воплощение Похоти/01 - Воплощение Похоти 1. 18+.zip	copied	
Э/Эротика/Некрасов Игорь/Воплощение Похоти/02 - Воплощение Похоти 2. 18+.zip	/mnt/c/Backup_Nova3/Books_01/Э/Эротика/Некрасов Игорь/Воплощение Похоти/02 - Воплощение Похоти 2. 18+.zip	copied	
Э/Эротика/Некрасов Игорь/Воплощение Похоти/03 - Воплощение Похоти 3. 18+.zip	/mnt/c/Backup_Nova3/Books_01/Э/Эротика/Некрасов Игорь/Воплощение Похоти/03 - Воплощение Похоти 3. 18+.zip	copied	
Э/Эротика/Некрасов Игорь/Воплощение Похоти/04 - Воплощение Похоти 4. 18+.zip	/mnt/c/Backup_Nova3/Books_01/Э/Эротика/Некрасов Игорь/Воплощение Похоти/04 - Воплощение Похоти 4. 18+.zip	copied	
Э/Эротика/Некрасов Игорь/Воплощение Похоти/05 - Воплощение Похоти 5. 18+.zip	/mnt/c/Backup_Nova3/Books_01/Э/Эротика/Некрасов Игорь/Воплощение Похоти/05 - Воплощение Похоти 5. 18+.zip	copied	
Э/Эротика/Некрасов Игорь/Воплощение Похоти/06 - Воплощение Похоти 6.zip	/mnt/c/Backup_Nova3/Books_01/Э/Эротика/Некрасов Игорь/Воплощение Похоти/06 - Воплощение Похоти 6.zip	copied	
Э/Эротика/Некрасов Игорь/Воплощение Похоти/07 - Воплощение Похоти 7. 18+.zip	/mnt/c/Backup_Nova3/Books_01/Э/Эротика/Некрасов Игорь/Воплощение Похоти/07 - Воплощение Похоти 7. 18+.zip	copied	
Э/Эротика/Некрасов Игорь/Вулкан Капитал/01 - Вулкан Капитал Орал на Работе 1. 18+.zip	/mnt/c/Backup_Nova3/Books_01/Э/Эротика/Некрасов Игорь/Вулкан Капитал/01 - Вулкан Капитал Орал на Работе 1. 18+.zip	copied	
Э/Эротика/Некрасов Игорь/Вулкан Капитал/02 - Вулкан Капитал Орал на Работе 2. 18+.zip	/mnt/c/Backup_Nova3/Books_01/Э/Эротика/Некрасов Игорь/Вулкан Капитал/02 - Вулкан Капитал Орал на Работе 2. 18+.zip	copied	
Э/Эротика/Некрасов Игорь/Вулкан Капитал/03 - Вулкан Капитал Орал на Работе 3. 18+.zip	/mnt/c/Backup_Nova3/Books_01/Э/Эротика/Некрасов Игорь/Вулкан Капитал/03 - Вулкан Капитал Орал на Работе 3. 18+.zip	copied	
Э/Эротика/Некрасов Игорь/Вулкан Капитал/04 - Вулкан Капитал Орал на Работе 4. 18+.zip	/mnt/c/Backup_Nova3/Books_01/Э/Эротика/Некрасов Игорь/Вулкан Капитал/04 - Вулкан Капитал Орал на Работе 4. 18+.zip	copied	
Э/Эротика/Панюшин Александр/0Ольга.zip	/mnt/c/Backup_Nova3/Books_01/Э/Эротика/Панюшин Александр/0Ольга.zip	copied	
Э/Эротика/Подземный Дмитрий/0Анти-романтика (СИ).zip	/mnt/c/Backup_Nova3/Books_01/Э/Эротика/Подземный Дмитрий/0Анти-романтика (СИ).zip	copied	
Э/Эротика/Подземный Дмитрий/0Гадкий утенок (СИ).zip	/mnt/c/Backup_Nova3/Books_01/Э/Эротика/Подземный Дмитрий/0Гадкий утенок (СИ).zip	copied	
Э/Эротика/Подземный Дмитрий/0Мусор (СИ).zip	/mnt/c/Backup_Nova3/Books_01/Э/Эротика/Подземный Дмитрий/0Мусор (СИ).zip	copied	
Э/Эротика/Подземный Дмитрий/0Охотник на женщин (СИ).zip	/mnt/c/Backup_Nova3/Books_01/Э/Эротика/Подземный Дмитрий/0Охотник на женщин (СИ).zip	copied	
Э/Эротика/Подземный Дмитрий/0Сказки (СИ).zip	/mnt/c/Backup_Nova3/Books_01/Э/Эротика/Подземный Дмитрий/0Сказки (СИ).zip	copied	
Э/Эротика/Просвирнов Александр/0Кузина.zip	/mnt/c/Backup_Nova3/Books_01/Э/Эротика/Просвирнов Александр/0Кузина.zip	copied	
Э/Эротика/Резник Юлия/0Семь.zip	/mnt/c/Backup_Nova3/Books_01/Э/Эротика/Резник Юлия/0Семь.zip	copied	
Э/Эротика/Резник Юлия/0Хорошая девочка (СИ).zip	/mnt/c/Backup_Nova3/Books_01/Э/Эротика/Резник Юлия/0Хорошая девочка (СИ).zip	copied	
Э/Эротика/Резник Юлия/0Что, если.zip	/mnt/c/Backup_Nova3/Books_01/Э/Эротика/Резник Юлия/0Что, если.zip	copied	
Э/Эротика/Резник Юлия/Байсаровы/01 - Раз и навсегда.zip	/mnt/c/Backup_Nova3/Books_01/Э/Эротика/Резник Юлия/Байсаровы/01 - Раз и навсегда.zip	copied	
Э/Эротика/Резник Юлия/Байсаровы/02 - Неподходящая.zip	/mnt/c/Backup_Nova3/Books_01/Э/Эротика/Резник Юлия/Байсаровы/02 - Неподходящая.zip	copied	
Э/Эротика/Резник Юлия/Байсаровы/03 - Даже не сомневайся.zip	/mnt/c/Backup_Nova3/Books_01/Э/Эротика/Резник Юлия/Байсаровы/03 - Даже не сомневайся.zip	copied	
Э/Эротика/Резник Юлия/Байсаровы/04 - Если бы ты любил.zip	/mnt/c/Backup_Nova3/Books_01/Э/Эротика/Резник Юлия/Байсаровы/04 - Если бы ты любил.zip	copied	
Э/Эротика/Резник Юлия/Белые/01 - Его маленькая большая женщина.zip	/mnt/c/Backup_Nova3/Books_01/Э/Эротика/Резник Юлия/Белые/01 - Его маленькая большая женщина.zip	copied	
Э/Эротика/Резник Юлия/Белые/02 - Сердце бьется.zip	/mnt/c/Backup_Nova3/Books_01/Э/Эротика/Резник Юлия/Белые/02 - Сердце бьется.zip	copied	
Э/Эротика/Резник Юлия/Белые/03 - Вдребезги.zip	/mnt/c/Backup_Nova3/Books_01/Э/Эротика/Резник Юлия/Белые/03 - Вдребезги.zip	copied	
Э/Эротика/Резник Юлия/Самоотвод/01 - Самоотвод.zip	/mnt/c/Backup_Nova3/Books_01/Э/Эротика/Резник Юлия/Самоотвод/01 - Самоотвод.zip	copied	
Э/Эротика/Резник Юлия/Самоотвод/02 - Похмелье.zip	/mnt/c/Backup_Nova3/Books_01/Э/Эротика/Резник Юлия/Самоотвод/02 - Похмелье.zip	copied	
Э/Эротика/Резник Юлия/Тени [Резник]/01 - Первый.zip	/mnt/c/Backup_Nova3/Books_01/Э/Эротика/Резник Юлия/Тени [Резник]/01 - Первый.zip	copied	
Э/Эротика/Резник Юлия/Тени [Резник]/02 - Близкие люди.zip	/mnt/c/Backup_Nova3/Books_01/Э/Эротика/Резник Юлия/Тени [Резник]/02 - Близкие люди.zip	copied	
Э/Эротика/Резник Юлия/Тени [Резник]/03 - Отпуск с последствиями.zip	/mnt/c/Backup_Nova3/Books_01/Э/Эротика/Резник Юлия/Тени [Резник]/03 - Отпуск с последствиями.zip	copied	
Э/Эротика/Резник Юлия/Тени [Резник]/04 - Скрытые чувства.zip	/mnt/c/Backup_Nova3/Books_01/Э/Эротика/Резник Юлия/Тени [Резник]/04 - Скрытые чувства.zip	copied	
Э/Эротика/Резник Юлия/Тени [Резник]/05 - Девочка из снов.zip	/mnt/c/Backup_Nova3/Books_01/Э/Эротика/Резник Юлия/Тени [Резник]/05 - Девочка из снов.zip	copied	
Э/Эротика/Резник Юлия/Тени [Резник]/06 - А если это любовь.zip	/mnt/c/Backup_Nova3/Books_01/Э/Эротика/Резник Юлия/Тени [Резник]/06 - А если это любовь.zip	copied	
Э/Эротика/Резник Юлия/Тени [Резник]/07 - За тобой.zip	/mnt/c/Backup_Nova3/Books_01/Э/Эротика/Резник Юлия/Тени [Резник]/07 - За тобой.zip	copied	
Э/Эротика/Резник Юлия/Чертов Либман-Сакс/01 - Чертов Либман-Сакс.zip	/mnt/c/Backup_Nova3/Books_01/Э/Эротика/Резник Юлия/Чертов Либман-Сакс/01 - Чертов Либман-Сакс.zip	copied	
Э/Эротика/Резник Юлия/Чертов Либман-Сакс/02 - Застенчивые кроны.zip	/mnt/c/Backup_Nova3/Books_01/Э/Эротика/Резник Юлия/Чертов Либман-Сакс/02 - Застенчивые кроны.zip	copied	
Э/Эротика/Салах Алайна/Демидовы/02 - Элита.zip	/mnt/c/Backup_Nova3/Books_01/Э/Эротика/Салах Алайна/Демидовы/02 - Элита.zip	copied	
Э/Эротика/Салах Алайна/Демидовы/03 - Папина дочка.zip	/mnt/c/Backup_Nova3/Books_01/Э/Эротика/Салах Алайна/Демидовы/03 - Папина дочка.zip	copied	
Э/Эротика/Салах Алайна/Для взрослых/01 - Строго 18+.zip	/mnt/c/Backup_Nova3/Books_01/Э/Эротика/Салах Алайна/Для взрослых/01 - Строго 18+.zip	copied	
Э/Эротика/Салах Алайна/Для взрослых/02 - Аморальный.zip	/mnt/c/Backup_Nova3/Books_01/Э/Эротика/Салах Алайна/Для взрослых/02 - Аморальный.zip	copied	
Э/Эротика/Салах Алайна/Опасные мужчины [Салах]/01 - Некровные узы.zip	/mnt/c/Backup_Nova3/Books_01/Э/Эротика/Салах Алайна/Опасные мужчины [Салах]/01 - Некровные узы.zip	copied	
Э/Эротика/Салах Алайна/Опасные мужчины [Салах]/02 - Порочная месть.zip	/mnt/c/Backup_Nova3/Books_01/Э/Эротика/Салах Алайна/Опасные мужчины [Салах]/02 - Порочная месть.zip	copied	
Э/Эротика/Салах Алайна/Опасные мужчины [Салах]/03 - Малая.zip	/mnt/c/Backup_Nova3/Books_01/Э/Эротика/Салах Алайна/Опасные мужчины [Салах]/03 - Малая.zip	copied	
Э/Эротика/Салах Алайна/Опасные мужчины [Салах]/04 - Малая Жизнь после тебя.zip	/mnt/c/Backup_Nova3/Books_01/Э/Эротика/Салах Алайна/Опасные мужчины [Салах]/04 - Малая Жизнь после тебя.zip	copied	
Э/Эротика/Соболева Ульяна/0Двадцать.zip	/mnt/c/Backup_Nova3/Books_01/Э/Эротика/Соболева Ульяна/0Двадцать.zip	copied	
Э/Эротика/Соболева Ульяна/Катерина/01 - Враг мой любимый.zip	/mnt/c/Backup_Nova3/Books_01/Э/Эротика/Соболева Ульяна/Катерина/01 - Враг мой любимый.zip	copied	
Э/Эротика/Соболева Ульяна/Катерина/01 - Из ада в рай, из рая в ад.zip	/mnt/c/Backup_Nova3/Books_01/Э/Эротика/Соболева Ульяна/Катерина/01 - Из ада в рай, из рая в ад.zip	copied	
Э/Эротика/Стешенко Юлия/Береста Продакшн/01 - Шесть соток волшебства.zip	/mnt/c/Backup_Nova3/Books_01/Э/Эротика/Стешенко Юлия/Береста Продакшн/01 - Шесть соток волшебства.zip	copied	
Э/Эротика/Стешенко Юлия/Береста Продакшн/02 - Пушкин, кружка, два ствола.zip	/mnt/c/Backup_Nova3/Books_01/Э/Эротика/Стешенко Юлия/Береста Продакшн/02 - Пушкин, кружка, два ствола.zip	copied	
Э/Эротика/Стешенко Юлия/Охотники на драконов/01 - Плохая учительница, хороший снайпер.zip	/mnt/c/Backup_Nova3/Books_01/Э/Эротика/Стешенко Юлия/Охотники на драконов/01 - Плохая учительница, хороший снайпер.zip	copied	
Э/Эротика/Стешенко Юлия/Охотники на драконов/02 - Плохая учительница, хороший снайпер - Бонусная глава.zip	/mnt/c/Backup_Nova3/Books_01/Э/Эротика/Стешенко Юлия/Охотники на драконов/02 - Плохая учительница, хороший снайпер - Бонусная глава.zip	copied	
Э/Эротика/Стешенко Юлия/Удача для неудачников/01 - Баллада о неудачниках.zip	/mnt/c/Backup_Nova3/Books_01/Э/Эротика/Стешенко Юлия/Удача для неудачников/01 - Баллада о неудачниках.zip	copied	
Э/Эротика/Стоун М/Близнецы-миллиардеры/01 - Упоение властью.zip	/mnt/c/Backup_Nova3/Books_01/Э/Эротика/Стоун М/Близнецы-миллиардеры/01 - Упоение властью.zip	copied	
Э/Эротика/Стоун М/Близнецы-миллиардеры/02 - Замена в игре.zip	/mnt/c/Backup_Nova3/Books_01/Э/Эротика/Стоун М/Близнецы-миллиардеры/02 - Замена в игре.zip	copied	
Э/Эротика/Стоун М/Близнецы-миллиардеры/03 - Смена власти.zip	/mnt/c/Backup_Nova3/Books_01/Э/Эротика/Стоун М/Близнецы-миллиардеры/03 - Смена власти.zip	copied	
Э/Эротика/Сципио Ник/0Летний лагерь свингеров.zip	/mnt/c/Backup_Nova3/Books_01/Э/Эротика/Сципио Ник/0Летний лагерь свингеров.zip	copied	
Э/Эротика/Тарасенко Сергей/0Куннилингус от А до Я.zip	/mnt/c/Backup_Nova3/Books_01/Э/Эротика/Тарасенко Сергей/0Куннилингус от А до Я.zip	copied	
Э/Эротика/фон Беренготт Лючия/Хулиганки и ректоры/01 - Его Высочество Ректор.zip	/mnt/c/Backup_Nova3/Books_01/Э/Эротика/фон Беренготт Лючия/Хулиганки и ректоры/01 - Его Высочество Ректор.zip	copied	
Э/Эротика/фон Беренготт Лючия/Хулиганки и ректоры/02 - Раздевайся, Семёнова!.zip	/mnt/c/Backup_Nova3/Books_01/Э/Эротика/фон Беренготт Лючия/Хулиганки и ректоры/02 - Раздевайся, Семёнова!.zip	copied	
Э/Эротика/фон Беренготт Лючия/Хулиганки и ректоры/03 - Подмена для Ректора.zip	/mnt/c/Backup_Nova3/Books_01/Э/Эротика/фон Беренготт Лючия/Хулиганки и ректоры/03 - Подмена для Ректора.zip	copied	
Э/Эротика/фон Беренготт Лючия/Хулиганки и ректоры/04 - Ловушка для декана.zip	/mnt/c/Backup_Nova3/Books_01/Э/Эротика/фон Беренготт Лючия/Хулиганки и ректоры/04 - Ловушка для декана.zip	copied	
Э/Эротика/Хаан Ашира/0Новый год Доставка до двери.zip	/mnt/c/Backup_Nova3/Books_01/Э/Эротика/Хаан Ашира/0Новый год Доставка до двери.zip	copied	
Э/Эротика/Хаан Ашира/Новогодние романы Аширы Хаан/02 - Новогодняя сказка Клиентка по вызову.zip	/mnt/c/Backup_Nova3/Books_01/Э/Эротика/Хаан Ашира/Новогодние романы Аширы Хаан/02 - Новогодняя сказка Клиентка по вызову.zip	copied	
Э/Эротика/Хаан Ашира/Тот самый парень/02 - Тот самый парень из порно 2.zip	/mnt/c/Backup_Nova3/Books_01/Э/Эротика/Хаан Ашира/Тот самый парень/02 - Тот самый парень из порно 2.zip	copied	
Э/Эротика/Хаан Ашира/Тот самый парень из порно/01 - Тот самый парень из порно 1.zip	/mnt/c/Backup_Nova3/Books_01/Э/Эротика/Хаан Ашира/Тот самый парень из порно/01 - Тот самый парень из порно 1.zip	copied	
Э/Эротика/Ящерицын Владимир/Заблудший/01 - Сминающий.zip	/mnt/c/Backup_Nova3/Books_01/Э/Эротика/Ящерицын Владимир/Заблудший/01 - Сминающий.zip	copied	
Э/Эротика/Ящерицын Владимир/Заблудший/02 - Разрушитель.zip	/mnt/c/Backup_Nova3/Books_01/Э/Эротика/Ящерицын Владимир/Заблудший/02 - Разрушитель.zip	copied	
Э/Эротика/Ящерицын Владимир/Заблудший/03 - Испепелитель.zip	/mnt/c/Backup_Nova3/Books_01/Э/Эротика/Ящерицын Владимир/Заблудший/03 - Испепелитель.zip	copied	
Э/Эротика/Ящерицын Владимир/Заблудший/0Заблудший.zip	/mnt/c/Backup_Nova3/Books_01/Э/Эротика/Ящерицын Владимир/Заблудший/0Заблудший.zip	copied	
Э/Эротика/Ящерицын Владимир/Наложницы Отчаяния/01 - Наложницы Отчаяния.zip	/mnt/c/Backup_Nova3/Books_01/Э/Эротика/Ящерицын Владимир/Наложницы Отчаяния/01 - Наложницы Отчаяния.zip	copied	
Э/Эротика/Ящерицын Владимир/Наложницы Отчаяния/02 - Наложницы злобы (глава 1-9).zip	/mnt/c/Backup_Nova3/Books_01/Э/Эротика/Ящерицын Владимир/Наложницы Отчаяния/02 - Наложницы злобы (глава 1-9).zip	copied	
